{"sum": 372669.0, "avr": 551.2855029585799, "sumMD": 12388.0, "avrMD": 476.46153846153845, "sumSD": 15986.0, "avrSD": 614.8461538461538, "max": 998.0, "min": 100.0}